ファイル名,Rawテキスト
R_Captures 2023_07_05 4_23_33.png,情報 推奨レベル リセットまでの時間 ロケーション 敵派閥 BER グループ再生 鋭い視線(デフォルト) レベル50以上 22H Vault 94 ロボット 近距離でグループ化すると回復する Perceptionが大幅に増加する
R_Captures 2023_07_09 6_10_24.png,情報 推奨レベル リセットまでの時間 |ョレレョンーレス 敵派閥 敵変異 弾力性 鋭い視線(デフォルト) レベル50以上 20H 燃え盛る鉱山 スーパーミュータント 近接攻撃でのみ倒せる Perceptionが大幅に増加する
R_Fallout 76 Screenshot 2023.05.20 - 06.57.25.92.png,情報 推奨レベル リセットまでの時間 =レルニンレス 敵派閥 敵変異 プリスタリングコールド(ダブル) 鋭い視線(デフォルト) レベル50以上 20H WO-X =シリリッンク 素早く、氷結攻撃を繰り出す Perceptionが大幅に増加する
R_Fallout 76 Screenshot 2023.05.22 - 06.46.05.62.png,> 情報 推奨レベル レベル50以上 リセットまでの時間 20H =レルニンレス 燃え盛る鉱山 敵派閥 スコーチ X 敵変異 冷酷無比(ダブル) 周囲を回復し、近接攻撃でしか倒されない 鋭い視線(デフォルト) Perceptionが大幅に増加する
R_Fallout 76 Screenshot 2023.05.23 - 06.51.30.58.png,情報 推奨レベル レベル50以上 リセットまでの時間 20H ロケーション ワトガ・ハイスクール 敵派閥 モールマイナー 敵変異 リフレクトスキン 定期的に直接的なダメージを相手に反射する サヴェージ・ストライク(デフォルト) 致命的なアーマー貫通攻撃
R_Fallout 76 Screenshot 2023.05.26 - 06.39.03.34.png,情報 推奨レベル リセットまでの時間 ロケーション 敵派閥 BER 1 ジジシアルル 鋭い視線(デフォルト) レベル50以上 20H チャールストン議事党 スコーチ 死詞時にポイズンハザードを展開する Perceptionが大幅に増加する
R_Fallout 76 Screenshot 2023.05.28 - 06.41.28.46.png,情報 推奨レベル リセットまでの時間 |ョレレョンーレス 敵派閥 敵変異 弾力性 鋭い視線(デフォルト) レベル50以上 20H アンキャニー洞窟 スコーチ 近接攻撃でのみ倒せる Perceptionが大幅に増加する
R_Fallout 76 Screenshot 2023.05.29 - 06.58.14.50.png,情報 推奨レベル リセットまでの時間 =レルニンレス 敵派閥 敵変異 氷の手 サヴェージ・ストライク(デフォルト) mi、 レベル50以上 20H WO-X ロボット 攻撃時に標的を遅くする 致命的なアーマー貫通攻撃
R_Fallout 76_20230402062000.png,情報 推奨レベル リセットまでの時間 |ョレルョンーレス 敵派閥 敵変異 アクティブ迷彩 鋭い視線(デフォルト) レベル50以上 20H アークトス・ファーで生態群研究所 スコーチ 攻撃していない間は身を隠す Perceptionが大幅に増加する
R_Fallout 76_20230403064943.png,情報 推奨レベル リセットまでの時間 ロケーション cd] 敵変異 弾力性 サヴェージ・ストライク(デフォルト) レベル50以上 20H バレー・ガレリア エイリアン 近接攻撃でのみ倒せる 致命的なアーマー貫通攻撃
R_Fallout 76_20230406075245.png,情報 推奨レベル レベル50以上 リセットまでの時間 19H ロケーション ウエストテック研究センター td HERA 敵変異 リフレクトスキン 定期的に直接的なダメージを相手に反射する 鋭い視線(デフォルト) Perceptionが大幅に増加する
R_Fallout 76_20230408063844.png,情報 推奨レベル リセットまでの時間 |ョレルョンーレス 敵派閥 敵変異 スティングフロスト(ダブル) 鋭い視線(デフォルト) レベル50以上 20H Fe WAN スコーチ 氷結攻撃し、倒されると毒性ハザードを残す Perceptionが大幅に増加する
R_Fallout 76_20230409062717.png,情報 推奨レベル リセットまでの時間 ロケーション td 敵変異 チリングメンド(ダブル) サヴェージ・ストライク(デフォルト) レベル50以上 20H Vault 94 = リリック 周囲を回復し、氷結攻撃 致命的なアーマー貫通攻撃
R_Fallout 76_20230410063624.png,情報 推奨レベル リセットまでの時間 |ョレルョンーレス 敵派閥 敵変異 スウィフト・ストーカー(ダブル) 鋭い視線(デフォルト) レベル50以上 20H ガ-レイダーアリーナ スーパーミュータント クローク能力があり、 素早い Perceptionが大幅に増加する
R_Fallout 76_20230412080532.png,情報 推奨レベル レベル50以上 リセットまでの時間 18H ロケーション バレーガレリア 敵派閥 スーパーミュータント BER リフレクトスキン 定期的に直接的なダメージを相手に反射する 鋭い視線(デフォルト) Perceptionが大幅に増加する
R_Fallout 76_20230416055303.png,情報 推奨レベル レベル50以上 リセットまでの時間 21H ロケーション アンキャニー洞窟 wR プラバボイーグル 敵変異 リフレクトスキン 定期的に直接的なダメージを相手に反射する 鋭い視線(デフォルト) Perceptionが大幅に増加する
R_Fallout 76_20230418060324.png,情報 推奨レベル リセットまでの時間 ロケーション td 敵変異 トキシックプブラッド 鋭い視線(デフォルト) レベル50以上 20H バローズ ロボット 死亡時にポイズンハザードを展開する Perceptionが大幅に増加する
R_Fallout 76_20230424073404.png,情報 推奨レベル レベル50以上 リセットまでの時間 19H ロケーション チャールストン議事堂 敵派閥 モールマイナー 敵変異 冷酷無比(ダブル) 周囲を回復し、近接攻撃でしか倒されない 鋭い視線(デフォルト) Perceptionが大幅に増加する
R_Fallout 76_20230426065448.png,情報 推奨レベル リセットまでの時間 ロケーション 敵派閥 敵変異 弾力性 鋭い視線(デフォルト) レベル50以上 20H ワトガ-レイダーアリーナ ロボット 近接攻撃でのみ倒せる Perceptionが大幅に増加する
R_Fallout 76_20230430061511.png,情報 推奨レベル リセットまでの時間 |ョレルョンーレス 敵派閥 敵変異 アクティブ迷彩 鋭い視線(デフォルト) レベル50以上 20H ワトガ-レイダーアリーナ 共産党員 攻撃していない間は身を隠す Perceptionが大幅に増加する
R_Fallout 76_20230502065808.png,情報 推奨レベル リセットまでの時間 |ョレルョンーレス 敵派閥 敵変異 氷の手 鋭い視線(デフォルト) レベル50以上 20H ガラハン鉱業本社 モールマイナー 攻撃時に標的を遅くする Perceptionが大幅に増加する
R_Fallout 76_20230504071758.png,情報 推奨レベル リセットまでの時間 |ョレルョンーレス 敵派閥 敵変異 グループ再生 鋭い視線(デフォルト) レベル50以上 19H Vault 96 プラバドイーグル 近距離でグループ化すると回復する Perceptionが大幅に増加する
R_Fallout 76_20230505063339.png,情報 推奨レベル リセットまでの時間 ロケーション wo 敵変異 プリスタリングコールド(ダプル) サヴェージ・ストライク(デフォルト) レベル50以上 20H アンキャニー洞窟 エイリアン 素早く、氷結攻撃を繰り出す 致命的なアーマー貫通攻撃
R_Fallout 76_20230506080832.png,情報 推奨レベル リセットまでの時間 ロケーション 敵派内 敵変異 燕気性(ダブル) 鋭い視線(デフォルト) レベル50以上 18H Vault 94 カルト教信者 クローク能力があり、死亡時に爆発 Perceptionが大幅に増加する
R_Fallout 76_20230508063555.png,情報 推奨レベル レベル50以上 リセットまでの時間 20H ロケーション アークトス・ファーで生態群研究所 敵派閥 スーパーミュータント 敵変異 BEST) クローク能力があり、倒されると毒性ハザードを残す 鋭い視線(デフォルト) Perceptionが大幅に増加する
R_Fallout 76_20230510044323.png,情報 推奨レベル レベル50以上 リセットまでの時間 22H ロケーション ウエストテック研究センター 敵派閥 ロボット 敵変異 リフレクトスキン 定期的に直接的なダメージを相手に反射する 鋭い視線(デフォルト) Perceptionが大幅に増加する
R_Fallout 76_20230511063800.png,情報 推奨レベル リセットまでの時間 ロケーション ce] 敵変異 FRE サヴェージ・ストライク(デフォルト) レベル50以上 20H | チャールストン議事党 エイリアン % 死亡時に爆発 致命的なアーマー貫通攻撃
R_Fallout 76_20230512065117.png,情報 推奨レベル レベル50以上 リセットまでの時間 20H ロケーション ガラハン鉱業本社 敵派閥 スーパーミュータント 敵変異 スウィフトフット 移動速度、リロード、近接攻撃のスピードが上昇する 鋭い視線(デフォルト) Perceptionが大幅に増加する
R_Fallout 76_20230514065231.png,情報 推奨レベル レベル50以上 リセットまでの時間 20H ロケーション アンキャニー洞窟 td カルト教信者 敵変異 リフレクトスキン 定期的に直接的なダメージを相手に反射する 鋭い視線(デフォルト) Perceptionが大幅に増加する
R_Fallout 76_20230517061544.png,情報 推奨レベル レベル50以上 リセットまでの時間 20H |ョレルョンーレス ワトガ・レイダーアリーナ 敵派閥 モールマイナー 敵変異 グループ再生 近距離でグループ化すると回復する サヴェージ・ストライク(デフォルト) 致命的なアーマー貫通攻撃
R_Fallout 76_20230518070808.png,情報 推奨レベル リセットまでの時間 ロケーション 敵派閥 敵変異 不安定 鋭い視線(デフォルト) レベル50以上 死 19H Vault 96 = リリック 記時に爆発 Perceptionが大幅に増加する
R_Fallout 76_20230524074952.png,情報 推奨レベル リセットまでの時間 ロケーション td 敵変異 トキシックプブラッド 鋭い視線(デフォルト) =きっ レベル50以上 19H バレー・ガレリア カルト教信者 死亡時にポイズンハザードを展開する Perceptionが大幅に増加する
R_Fallout 76_20230531054857.png,情報 推奨レベル リセットまでの時間 ロケーション | 敵変異 氷の手 サヴェージ・ストライク(デフォルト) レベル50以上 21H ウエストテック研究センター プラッドイーグル 攻撃時に標的を遅くする 致命的なアーマー貫通攻撃
R_Fallout 76_20230615043733.png,情報 推奨レベル リセットまでの時間 ロケーション 敵派閥 敵変異 不安定 鋭い視線(デフォルト) レベル50以上 22H 燃え盛る鉱山 死 エイリアン 記時に爆発 Perceptionが大幅に増加する
R_Fallout 76_20250129082518.png,情報 推奨レベル リセットまでの時間 |ョレルョンーレス 敵派閥 敵変異 グループ再生 鋭い視線(デフォルト) レベル50以上 18H 燃え盛る鉱山 カルト教信者 近距離でグループ化すると回復する Perceptionが大幅に増加する
R_Fallout76 2023_05_30 7_07_08.png,情報 推奨レベル レベル50以上 リセットまでの時間 19H ロケーション チャールストン議事党 敵派閥 スコーチ 敵変異 スウィフトフット 移動速度、リロード、近接攻撃のスピードが上昇する 鋭い視線(デフォルト) Perceptionが大幅に増加する
R_Fallout76 2023_06_01 6_42_21.png,情報 推奨レベル リセットまでの時間 |ョレレョンーレス 敵派閥 敵変異 弾力性 鋭い視線(デフォルト) レベル50以上 20H ガレイダーアリーナ 4 ロボット 近接攻撃でのみ倒せる Perceptionが大幅に増加する
R_Fallout76 2023_06_02 8_07_17.png,情報 推奨レベル リセットまでの時間 =レルニンレス 敵派閥 敵変異 アンステイブル(ダブル) サヴェージ・ストライク(デフォルト) レベル50以上 18H Vault 94 共産党員 素早く、 死亡時に爆発 致命的なアーマー貫通攻撃
R_Fallout76 2023_06_03 7_11_00.png,情報 推奨レベル リセットまでの時間 ロケーション 敵派閥 BER スウィフト・ストーカー(ダブル) 鋭い視線(デフォルト) レベル50以上 19H ワトガ・ハイスクール カルト教信者 クローク能力があり、 素早い Perceptionが大幅に増加する
R_Fallout76 2023_06_04 6_36_25.png,情報 推奨レベル レベル50以上 リセットまでの時間 20H ロケーション 燃え盛る鉱山 敵派閥 プラッドイーグル BER 冷酷無比(ダブプル) 周囲を回復し、近接攻撃でしか倒されない サヴェージ・ストライク(デフォルト) 致命的なアーマー貫通攻撃
R_Fallout76 2023_06_07 3_58_21.png,情報 推奨レベル リセットまでの時間 ロケーション 敵派閥 BER アクティブ迷彩 鋭い視線(デフォルト) レベル50以上 23H Vault 94 共産党員 ン 攻撃していない間は身を隠す Perceptionが大幅に増加する
R_Fallout76 2023_06_09 7_40_51.png,情報 推奨レベル リセットまでの時間 ロケーション 敵派閥 BER グループ再生 鋭い視線(デフォルト) レベル50以上 19H ガラハン鉱業本社 =とリリッン 近距離でグループ化すると回復する Perceptionが大幅に増加する
R_Fallout76 2023_06_11 7_43_28.png,情報 推奨レベル リセットまでの時間 ロケーション 敵派閥 BER グループ再生 鋭い視線(デフォルト) レベル50以上 19H アンキャニー洞窟 プラッドイーグル 近距離でグループ化すると回復する Perceptionが大幅に増加する
R_Fallout76 2023_06_13 7_09_22.png,情報 推奨レベル リセットまでの時間 |ョレレョンーレス 敵派閥 敵変異 不安定 鋭い視線(デフォルト) レベル50以上 19H ガラハン鉱業本社 プラッドイーグル 死亡時に爆発 Perceptionが大幅に増加する
R_Fallout76 2023_06_17 7_18_46.png,情報 推奨レベル リセットまでの時間 =レルニンレス 敵派閥 敵変異 プリスタリングコールド(ダブル) 鋭い視線(デフォルト) レベル50以上 19H WO-X モールマイナー 素早く、氷結攻撃を繰り出す Perceptionが大幅に増加する
R_Fallout76 2023_06_19 7_05_45.png,情報 推奨レベル リセットまでの時間 ロケーション 敵派閥 BER チリングメンド(ダブル) 鋭い視線(デフォルト) レベル50以上 19H WO-X ロボット 周囲を回復し、氷結攻撃 Perceptionが大幅に増加する
R_Fallout76 2023_06_21 7_17_57.png,情報 推奨レベル リセットまでの時間 ロケーション 敵派閥 BER 1 ジジシアルル 鋭い視線(デフォルト) レベル50以上 19H チャールストン議事党 モールマイナー 死詞時にポイズンハザードを展開する Perceptionが大幅に増加する
R_Fallout76 2023_06_23 6_01_33.png,情報 推奨レベル レベル50以上 リセットまでの時間 20H ロケーション パレー・ガレリア 敵派閥 モールマイナー 敵変異 リフレクトスキン 定期的に直接的なダメージを相手に反射する 鋭い視線(デフォルト) Perceptionが大幅に増加する
R_Fallout76 2023_06_25 7_33_15.png,情報 推奨レベル レベル50以上 リセットまでの時間 19H ロケーション チャールストン議事党 敵派閥 ロボット 敵変異 スウィフトフット 移動速度、リロード、近接攻撃のスビピードが上昇する 鋭い視線(デフォルト) Perceptionが大幅に増加する
R_Fallout76 2023_06_27 7_37_25.png,情報 推奨レベル リセットまでの時間 ロケーション 敵派閥 敵変異 デンジャークラウド 鋭い視線(デフォルト) レベル50以上 19H ワトガ・レイダーアリーナ ロボット 付近のプレイヤーのHPとAPを減少させる Perceptionが大幅に増加する
R_Fallout76 2023_06_29 6_45_54.png,情報 推奨レベル リセットまでの時間 =レルニンレス 敵派閥 敵変異 アクティブ迷彩 鋭い視線(デフォルト) レベル50以上 20H ワトガ・ハイスクール ロボット 攻撃していない間は身を隠す Perceptionが大幅に増加する
R_Fallout76 2023_07_01 4_40_48.png,情報 推奨レベル リセットまでの時間 =レルニンレス 敵派閥 敵変異 蒸気性(ダブル) 鋭い視線(デフォルト) レベル50以上 22H アンキャニー洞窟 カルト教信者 クローク能力があり、死亡時に爆発 Perceptionが大幅に増加する
R_Fallout76 2023_07_03 7_08_34.png,情報 推奨レベル リセットまでの時間 ロケーション 敵派閥 BER アンステイブル(ダブル) 鋭い視線(デフォルト) レベル50以上 19H WO-X モールマイナー OS 素早く、死亡時に爆発 Perceptionが大幅に増加する
R_Fallout76 2023_07_04 7_52_52.png,情報 推奨レベル レベル50以上 リセットまでの時間 19H ロケーション ワトガ・レイダーアリーナ 敵派閥 スーパーミュータント 敵変異 蒸気性(ダブル) クローク能力があり、死亡時に爆発 サヴェージ・ストライク(デフォルト) 致命的なアーマー貫通攻撃
R_Fallout76 2023_07_07 5_57_26.png,情報 推奨レベル リセットまでの時間 ロケーション 敵派閥 BER 1 ジジシアルル 鋭い視線(デフォルト) レベル50以上 21H モーガンタウン・ハイスクール =とリリッン 死詞時にポイズンハザードを展開する Perceptionが大幅に増加する
R_Fallout76 2023_07_11 10_38_36.png,情報 推奨レベル レベル50以上 リセットまでの時間 16H =レルニンレス ウエストテック研究センター 敵派閥 エイリアン 敵変異 デンジャークラウド 付近のプレイヤーのHPとAPを減少させる 鋭い視線(デフォルト) Perceptionが大幅に増加する
R_Fallout76 2023_07_13 6_21_27.png,情報 推奨レベル レベル50以上 リセットまでの時間 20H ロケーション Vault 94 敵派閥 スーパーミュータント 敵変異 デンジャークラウド 付近のプレイヤーのHPとAPを減少させる 鋭い視線(デフォルト) Perceptionが大幅に増加する
R_Fallout76 2023_07_15 8_44_24.png,情報 推奨レベル リセットまでの時間 =レルニンレス 敵派閥 敵変異 プリスタリングコールド(ダブル) 鋭い視線(デフォルト) レベル50以上 18H Vault 96 共産党員 素早く、氷結攻撃を繰り出す Perceptionが大幅に増加する
R_Fallout76 2023_07_17 6_52_21.png,情報 推奨レベル リセットまでの時間 ロケーション 敵派閥 敵変異 スウィフト・ストーカー(ダブル) 鋭い視線(デフォルト) レベル50以上 20H ワトガ・レイダーアリーナ スーパーミュータント クローク能力があり、 素早い Perceptionが大幅に増加する
R_Fallout76 2023_07_21 9_31_55.png,情報 推奨レベル レベル50以上 リセットまでの時間 17H ロケーション ガラハン鉱業本社 敵派閥 モールマイナー 敵変異 デンジャークラウド 付近のプレイヤーのHPとAPを減少させる 鋭い視線(デフォルト) Perceptionが大幅に増加する
R_Fallout76 2023_07_25 6_51_17.png,情報 推奨レベル リセットまでの時間 |ョレレョンーレス 敵派閥 敵変異 不安定 鋭い視線(デフォルト) レベル50以上 20H アンキャニー洞窟 =とリリッン 死亡時に爆発 Perceptionが大幅に増加する
R_Fallout76 2023_07_26 7_03_04.png,情報 推奨レベル レベル50以上 リセットまでの時間 19H ロケーション ガラハン鉱業本社 敵派閥 スコーチ 敵変異 トキシックプラッド 死亡時にポイズンハザードを展開する サヴェージ・ストライク(デフォルト) 致命的なアーマー貫通攻撃
R_Fallout76 2023_07_27 6_29_49.png,情報 推奨レベル レベル50以上 リセットまでの時間 20H ロケーション アークトス・ファーマ生態群研究所 敵派閥 モールマイナー 敵変異 アクティブ迷彩 攻撃していない間は身を隠す 鋭い視線(デフォルト) Perceptionが大幅に増加する
R_Fallout76 2023_07_29 6_47_34.png,情報 推奨レベル リセットまでの時間 ロケーション 敵派閥 BER アンステイブル(ダブル) 鋭い視線(デフォルト) レベル50以上 20H アンキャニー洞窟 共産党員 素早く、死亡時に爆発 Perceptionが大幅に増加する
R_Fallout76 2023_07_31 7_02_39.png,情報 推奨レベル レベル50以上 リセットまでの時間 19H =レルニンレス ウエストテック研究センター 敵派閥 エイリアン 敵変異 毒雲(ダブル) クローク能力があり、 倒されると毒性ハザードを残す 鋭い視線(デフォルト) Perceptionが大幅に増加する
R_Fallout76 2023_08_02 7_18_39.png,情報 推奨レベル リセットまでの時間 ロケーション 敵派閥 BER グループ再生 鋭い視線(デフォルト) レベル50以上 19H 燃え盛る鉱山 =とリリッン 近距離でグループ化すると回復する Perceptionが大幅に増加する
R_Fallout76 2023_08_04 6_57_31.png,情報 推奨レベル レベル50以上 リセットまでの時間 20H ロケーション Vault 94 敵派閥 スーパーミュータント 敵変異 リフレクトスキン 定期的に直接的なダメージを相手に反射する 鋭い視線(デフォルト) Perceptionが大幅に増加する
R_Fallout76 2023_08_06 6_50_44.png,情報 推奨レベル レベル50以上 リセットまでの時間 20H ロケーション ワトガ・ハイスクール 敵派閥 ロボット 敵変異 リフレクトスキン 定期的に直接的なダメージを相手に反射する 鋭い視線(デフォルト) Perceptionが大幅に増加する
R_Fallout76 2023_08_08 7_07_56.png,、 情報 | 推奨レベル リセットまでの時間 ロケーション 敵派閥 BER グループ再生 鋭い視線(デフォルト) レベル50以上 19H 燃え盛る鉱山 プラッドイーグル 近距離でグループ化すると回復する Perceptionが大幅に増加する
R_Fallout76 2023_08_10 7_45_15.png,情報 推奨レベル リセットまでの時間 ロケーション 敵派閥 BER 氷の手 鋭い視線(デフォルト) レベル50以上 19H チャールストン議事党 スコーチ 攻撃時に標的を遅くする E Perceptionが大幅に増加する
R_Fallout76 2023_08_12 7_13_50.png,情報 推奨レベル レベル50以上 リセットまでの時間 19H ロケーション ワトガ・ハイスクール 敵派閥 スーパーミュータント 敵変異 冷酷無比(ダブル) 周囲を回復し、近接攻撃でしか倒されない 鋭い視線(デフォルト) Perceptionが大幅に増加する
R_Fallout76 2023_08_18 6_42_18.png,情報 推奨レベル リセットまでの時間 ロケーション 敵派閥 BER 氷の手 鋭い視線(デフォルト) レベル50以上 20H 燃え盛る鉱山 カルト教信者 攻撃時に標的を遅くする Perceptionが大幅に増加する
R_Fallout76 2023_08_20 7_11_29.png,情報 推奨レベル リセットまでの時間 ロケーション 敵派閥 BER アクティブ迷彩 鋭い視線(デフォルト) レベル50以上 19H ガラハン鉱業本社 スーパーミュータント 攻撃していない間は身を隠す Perceptionが大幅に増加する
R_Fallout76 2023_08_21 7_33_04.png,情報 推奨レベル リセットまでの時間 |ョレレョンーレス 敵派閥 MER 弾力性 サヴェージ・ストライク(デフォルト) レベル50以上 19H ニン プラッドイーグル 近接攻撃でのみ倒せる 致命的なアーマー貫通攻撃
R_Fallout76 2023_08_24 8_08_29.png,情報 推奨レベル リセットまでの時間 |ョレレョンーレス 敵派閥 敵変異 弾力性 鋭い視線(デフォルト) レベル50以上 18H モーガンタウン・ハイスクール カルト教信者 近接攻撃でのみ倒せる Perceptionが大幅に増加する
R_Fallout76 2023_08_25 7_08_47.png,情報 推奨レベル リセットまでの時間 |ョレレョンーレス 敵派閥 MER 蒸気性(ダプル) サヴェージ・ストライク(デフォルト) レベル50以上 19H ガラハン鉱業本社 =シリリン クローク能力があり、死亡時に爆発 致命的なアーマー貫通攻撃
R_Fallout76 2023_08_26 7_11_10.png,情報 推奨レベル リセットまでの時間 ロケーション 敵派閥 BER アンステイブル(ダブル) 鋭い視線(デフォルト) レベル50以上 19H ワトガ・ハイスクール プラッドイーグル wy) 素早く、死亡時に爆発 Perceptionが大幅に増加する
R_Fallout76 2023_08_30 7_06_40.png,情報 推奨レベル レベル50以上 リセットまでの時間 19H ロケーション アンキャニー洞窟 敵派閥 エイリアン 敵変異 スウィフトフット 移動速度、リロード、近接攻撃のスピードが上昇する 鋭い視線(デフォルト) Perceptionが大幅に増加する
R_Fallout76 2023_09_01 7_21_48.png,情報 推奨レベル リセットまでの時間 ロケーション 敵派閥 BER 1 ジジシアルル 鋭い視線(デフォルト) レベル50以上 19H ニン カルト教信者 死詞時にポイズンハザードを展開する Perceptionが大幅に増加する
R_Fallout76 2023_09_03 6_58_52.png,| 情報 推奨レベル リセットまでの時間 |ョレレョンーレス 敵派閥 敵変異 弾力性 鋭い視線(デフォルト) レベル50以上 20H Vault 96 カルト教信者 Vv 近接攻撃でのみ倒せる Perceptionが大幅に増加する
R_Fallout76 2023_09_05 6_52_05.png,情報 推奨レベル リセットまでの時間 |ョレレョンーレス 敵派閥 敵変異 FRE 鋭い視線(デフォルト) レベル50以上 20H Vault 94 カルト教信者 マ の| 死亡時に爆発 Perceptionが大幅に増加する
R_Fallout76 2023_09_07 10_27_54.png,‘mae \ 情報 推奨レベル レベル50以上 リセットまでの時間 16H =レルニンレス ウエストテック研究センター 敵派閥 スーパーミュータント 敵変異 スウィフトフット 移動速度、リロード、近接攻撃のスピードが上昇する 鋭い視線(デフォルト) Perceptionが大幅に増加する
R_Fallout76 2023_09_09 9_48_45.png,情報 推奨レベル リセットまでの時間 ロケーション 敵派閥 BER 蒸気性(ダブプル) 鋭い視線(デフォルト) レベル50以上 17H アークトス・ファーマ生態群研究所 プラッドイーグル クローク能力があり、死亡時に爆発 Perceptionが大幅に増加する
R_Fallout76 2023_09_11 6_55_46.png,情報 推奨レベル リセットまでの時間 =レルニンレス 敵派閥 敵変異 プリスタリングコールド(ダブル) 鋭い視線(デフォルト) レベル50以上 20H モーガンタウン・ハイスクール プラッドイーグル 素早く、氷結攻撃を繰り出す Perceptionが大幅に増加する
R_Fallout76 2023_09_13 7_26_41.png,プン 情報 推奨レベル リセットまでの時間 =レルニンレス 敵派閥 敵変異 アクティブ迷彩 鋭い視線(デフォルト) レベル50以上 19H ワトガ・レイダーアリーナ スーパーミュータント 攻撃していない間は身を隠す Perceptionが大幅に増加する
R_Fallout76 2023_09_15 6_54_34.png,情報 推奨レベル リセットまでの時間 ロケーション 敵派閥 BER グループ再生 鋭い視線(デフォルト) レベル50以上 20H アークトス・ファーマ生態群研究所 プラッドイーグル 近距離でグループ化すると回復する Perceptionが大幅に増加する
R_Fallout76 2023_09_17 6_30_17.png,情報 推奨レベル リセットまでの時間 |ョレレョンーレス 敵派閥 敵変異 弾力性 鋭い視線(デフォルト) レベル50以上 20H WO-X =シリリッンク 近接攻撃でのみ倒せる Perceptionが大幅に増加する
R_Fallout76 2023_09_18 8_05_36.png,情報 推奨レベル レベル50以上 リセットまでの時間 18H ロケーション Vault 94 敵派閥 カルト教信者 敵変異 グループ再生 近距離でグループ化すると回復する サヴェージ・ストライク(デフォルト) 致命的なアーマー貫通攻撃
R_Fallout76 2023_09_19 8_26_53.png,情報 推奨レベル レベル50以上 リセットまでの時間 18H ロケーション アークトス・ファーマ生態群研究所 敵派閥 スーパーミュータント 敵変異 スウィフトフット 移動速度、リロード、近接攻撃のスピードが上昇する 鋭い視線(デフォルト) Perceptionが大幅に増加する
R_Fallout76 2023_09_20 9_10_26.png,情報 推奨レベル リセットまでの時間 ロケーション 敵派閥 敵変異 不安定 サヴェージ・ストライク(デフォルト) レベル50以上 17H Vault 94 プラッドイーグル 死亡時に爆発 致命的なアーマー貫通攻撃
R_Fallout76 2023_09_21 9_02_38.png,情報 推奨レベル レベル50以上 リセットまでの時間 17H ロケーション ガラハン鉱業本社 敵派閥 モールマイナー AC OF 敵変異 氷の手 攻撃時に標的を遅くする 鋭い視線(デフォルト) Perceptionが大幅に増加する
R_Fallout76 2023_09_23 10_35_43.png,情報 推奨レベル リセットまでの時間 ロケーション 敵派閥 BER チリングメンド(ダブル) 鋭い視線(デフォルト) レベル50以上 16H ワトガ・ハイスクール プラッドイーグル 周囲を回復し、氷結攻撃 Perceptionが大幅に増加する
R_Fallout76 2023_09_25 7_11_28.png,情報 推奨レベル リセットまでの時間 ロケーション 敵派閥 BER チリングメンド(ダブル) 鋭い視線(デフォルト) レベル50以上 19H Vault 96 ロボット 周囲を回復し、氷結攻撃 Perceptionが大幅に増加する
R_Fallout76 2023_09_27 6_26_07.png,情報 推奨レベル リセットまでの時間 =レルニンレス 敵派閥 敵変異 アクティブ迷彩 鋭い視線(デフォルト) レベル50以上 20H Vault 94 ロボット 攻撃していない間は身を隠す Perceptionが大幅に増加する
R_Fallout76 2023_09_29 8_59_14.png,情報 推奨レベル レベル50以上 リセットまでの時間 18H ロケーション ワトガ・ハイスクール 敵派閥 エイリアン 敵変異 スウィフトフット 移動速度、リロード、近接攻撃のスピードが上昇する 鋭い視線(デフォルト) Perceptionが大幅に増加する
R_Fallout76 2023_09_30 8_08_01.png,情報 推奨レベル レベル50以上 リセットまでの時間 18H =レルニンレス ウエストテック研究センター 敵派閥 スーパーミュータント 敵変異 リフレクトスキン 定期的に直接的なダメージを相手に反射する サヴェージ・ストライク(デフォルト) 致命的なアーマー貫通攻撃
R_Fallout76 2023_10_01 6_25_16.png,情報 推奨レベル リセットまでの時間 ロケーション 敵派閥 BER 氷の手 鋭い視線(デフォルト) レベル50以上 20H アンキャニー洞窟 スーパーミュータント 攻撃時に標的を遅くする Perceptionが大幅に増加する
R_Fallout76 2023_10_03 6_46_17.png,情報 推奨レベル レベル50以上 リセットまでの時間 20H ロケーション ワトガ・ハイスクール 敵派閥 エイリアン 敵変異 スウィフトフット 移動速度、リロード、近接攻撃のスビピードが上昇する 鋭い視線(デフォルト) Perceptionが大幅に増加する
R_Fallout76 2023_10_04 9_28_27.png,情報 推奨レベル レベル50以上 リセットまでの時間 17H ロケーション WO-X 敵派閥 スーパーミュータント 敵変異 デンジャークラウド 付近のプレイヤーのHPとAPを減少させる サヴェージ・ストライク(デフォルト) 致命的なアーマー貫通攻撃 時SNン
R_Fallout76 2023_10_05 8_04_45.png,情報 推奨レベル リセットまでの時間 ロケーション 敵派閥 BER 氷の手 鋭い視線(デフォルト) レベル50以上 18H アンキャニー洞窟 カルト教信者 攻撃時に標的を遅くする Perceptionが大幅に増加する
R_Fallout76 2023_10_08 7_33_23.png,情報 推奨レベル レベル50以上 リセットまでの時間 19H ロケーション パローズ 敵派閥 共産党員 敵変異 蒸気性(ダブプル) クローク能力があり、死亡時に爆発 サヴェージ・ストライク(デフォルト) 致命的なアーマー貫通攻撃
R_Fallout76 2023_10_09 10_15_42.png,情報 推奨レベル リセットまでの時間 ロケーション 敵派閥 BER アンステイブル(ダブル) 鋭い視線(デフォルト) レベル50以上 16H ワトガ・ハイスクール プブラッドイーグル 素早く、死亡時に爆発 Perceptionが大幅に増加する
R_Fallout76 2023_10_10 9_33_17.png,情報 推奨レベル レベル50以上 リセットまでの時間 17H ロケーション Vault 94 敵派閥 カルト教信者 敵変異 リフレクトスキン 定期的に直接的なダメージを相手に反射する サヴェージ・ストライク(デフォルト) 致命的なアーマー貫通攻撃
R_Fallout76 2023_10_11 8_07_26.png,情報 推奨レベル リセットまでの時間 ロケーション 敵派閥 BER アクティブ迷彩 鋭い視線(デフォルト) レベル50以上 18H ウエストテック研究センター スコーチ . 攻撃していない間は身を隠す Perceptionが大幅に増加する
R_Fallout76 2023_10_13 7_52_33.png,情報 推奨レベル リセットまでの時間 ロケーション 敵派閥 BER 1 ジジシアルル 鋭い視線(デフォルト) レベル50以上 19H 燃え盛る鉱山 カルト教信者 死詞時にポイズンハザードを展開する Perceptionが大幅に増加する
R_Fallout76 2023_10_19 9_53_03.png,情報 推奨レベル リセットまでの時間 |ョレレョンーレス 敵派閥 敵変異 弾力性 鋭い視線(デフォルト) レベル50以上 17H WO-X ロボット 近接攻撃でのみ倒せる Perceptionが大幅に増加する
R_Fallout76 2023_10_21 8_13_34.png,"情報 推奨レベル リセットまでの時間 =レルニンレス 敵派閥 敵変異 鋭い視線(デフォルト) レベル50以上 18H アークトス・ファーマ生態群研究所 カルト教信者 , Perceptionが大幅に増加する"
R_Fallout76 2023_10_23 14_26_25.png,情報 推奨レベル リセットまでの時間 ロケーション 敵派閥 BER チリングメンド(ダブル) 鋭い視線(デフォルト) レベル50以上 12H ウエストテック研究センター 共産党員 ) 周囲を回復し、氷結攻撃 Perceptionが大幅に増加する
R_Fallout76 2023_10_25 8_24_16.png,情報 推奨レベル リセットまでの時間 |ョレレョンーレス 敵派閥 敵変異 弾力性 鋭い視線(デフォルト) レベル50以上 18H ガラハン鉱業本社 =とリリッン 近接攻撃でのみ倒せる Perceptionが大幅に増加する
R_Fallout76 2023_10_26 7_29_13.png,情報 推奨レベル レベル50以上 リセットまでの時間 19H =レルニンレス ウエストテック研究センター 敵派閥 共産党員 敵変異 トキシックプラッド 死亡時にポイズンハザードを展開する サヴェージ・ストライク(デフォルト) 致命的なアーマー貫通攻撃
R_Fallout76 2023_10_27 8_21_52.png,情報 推奨レベル リセットまでの時間 ロケーション 敵派閥 BER 氷の手 鋭い視線(デフォルト) レベル50以上 18H モーガンタウン・ハイスクール スコーチ 攻撃時に標的を遅くする Perceptionが大幅に増加する
R_Fallout76 2023_10_30 7_55_26.png,情報 推奨レベル レベル50以上 リセットまでの時間 19H ロケーション 燃え盛る鉱山 敵派閥 プラッドイーグル 敵変異 トキシックプラッド 死亡時にポイズンハザードを展開する サヴェージ・ストライク(デフォルト) 致命的なアーマー貫通攻撃
R_Fallout76 2023_11_01 9_51_30.png,情報 推奨レベル レベル50以上 リセットまでの時間 17H ロケーション ガラハン鉱業本社 TRA スーパーミュータント | BER 不安定 死亡時に爆発 サヴェージ・ストライク(デフォルト) 致命的なアーマー貫通攻撃
R_Fallout76 2023_11_03 9_11_53.png,情報 推奨レベル リセットまでの時間 ロケーション 敵派閥 BER スウィフト・ストーカー(ダブル) サヴェージ・ストライク(デフォルト) レベル50以上 17H Vault 96 プラッドイーグル クローク能力があり、 素早い 致命的なアーマー貫通攻撃
R_Fallout76 2023_11_04 10_06_10.png,情報 推奨レベル リセットまでの時間 =レルニンレス 敵派閥 敵変異 鋭い視線(デフォルト) レベル50以上 16H 燃え盛る鉱山 スコーチ Perceptionが大幅に増加する
R_Fallout76 2023_11_05 8_07_04.png,情報 推奨レベル レベル50以上 リセットまでの時間 18H ロケーション WO-R 敵派閥 プラッドイーグル 敵変異 スティングフロスト(ダブル) 氷結攻撃し、倒されると毒性ハザードを残す サヴェージ・ストライク(デフォルト) 致命的なアーマー貫通攻撃
R_Fallout76 2023_11_07 8_28_53.png,情報 推奨レベル リセットまでの時間 =レルニンレス 敵派閥 敵変異 アクティブ迷彩 サヴェージ・ストライク(デフォルト) レベル50以上 18H チャールストン議事党 共産党員 攻撃していない間は身を隠す 致命的なアーマー貫通攻撃
R_Fallout76 2023_11_08 9_29_57.png,情報 推奨レベル リセットまでの時間 |ョレレョンーレス 敵派閥 敵変異 弾力性 鋭い視線(デフォルト) レベル50以上 17H バレー・ガレリア =とリリッン 近接攻撃でのみ倒せる Perceptionが大幅に増加する
R_Fallout76 2023_11_10 9_40_52.png,情報 推奨レベル リセットまでの時間 ロケーション 敵派閥 BER 1 ジジシアルル 鋭い視線(デフォルト) レベル50以上 17H バレー・ガレリア スコーチ 死詞時にポイズンハザードを展開する Perceptionが大幅に増加する
R_Fallout76 2023_11_11 10_03_34.png,情報 推奨レベル リセットまでの時間 =レルニンレス 敵派閥 敵変異 氷の手 サヴェージ・ストライク(デフォルト) レベル50以上 16H 燃え盛る鉱山 ロボット 攻撃時に標的を遅くする 致命的なアーマー貫通攻撃
R_Fallout76 2023_11_12 6_34_21.png,情報 推奨レベル リセットまでの時間 |ョレレョンーレス 敵派閥 敵変異 弾力性 鋭い視線(デフォルト) レベル50以上 20H Vault 94 スコーチ 近接攻撃でのみ倒せる Perceptionが大幅に増加する
R_Fallout76 2023_11_13 9_12_10.png,情報 推奨レベル レベル50以上 リセットまでの時間 17H ロケーション アンキャニー洞窟 敵派閥 プラッドイーグル 敵変異 リフレクトスキン 定期的に直接的なダメージを相手に反射する サヴェージ・ストライク(デフォルト) 致命的なアーマー貫通攻撃
R_Fallout76 2023_11_14 8_59_02.png,情報 推奨レベル リセットまでの時間 =レルニンレス 敵派閥 敵変異 アクティブ迷彩 鋭い視線(デフォルト) レベル50以上 18H ニン カルト教信者 攻撃していない間は身を隠す Perceptionが大幅に増加する
R_Fallout76 2023_11_16 7_04_01.png,情報 推奨レベル レベル50以上 リセットまでの時間 19H ロケーション ガラハン鉱業本社 敵派閥 カルト教信者 敵変異 リフレクトスキン 定期的に直接的なダメージを相手に反射する 鋭い視線(デフォルト) Perceptionが大幅に増加する
R_Fallout76 2023_11_18 7_25_18.png,情報 推奨レベル リセットまでの時間 =レルニンレス 敵派閥 敵変異 プリスタリングコールド(ダブル) 鋭い視線(デフォルト) レベル50以上 19H ウエストテック研究センター エイリアン 素早く、氷結攻撃を繰り出す Perceptionが大幅に増加する
R_Fallout76 2023_11_19 10_19_00.png,情報 推奨レベル レベル50以上 リセットまでの時間 16H ロケーション Vault 96 敵派閥 スコーチ 敵変異 蒸気性(ダブプル) クローク能力があり、死亡時に爆発 サヴェージ・ストライク(デフォルト) 致命的なアーマー貫通攻撃
R_Fallout76 2023_11_19 10_19_11.png,情報 推奨レベル レベル50以上 リセットまでの時間 16H ロケーション Vault 96 敵派閥 スコーチ 敵変異 蒸気性(ダブル) クローク能力があり、死亡時に爆発 サヴェージ・ストライク(デフォルト) 致命的なアーマー貫通攻撃
R_Fallout76 2023_11_20 8_14_23.png,情報 推奨レベル リセットまでの時間 ロケーション 敵派閥 BER チリングメンド(ダブル) 鋭い視線(デフォルト) レベル50以上 18H ガラハン鉱業本社 ロボット 周囲を回復し、氷結攻撃 Perceptionが大幅に増加する
R_Fallout76 2023_11_22 8_43_25.png,情報 推奨レベル リセットまでの時間 |ョレレョンーレス 敵派閥 敵変異 不安定 鋭い視線(デフォルト) レベル50以上 18H ワトガ・ハイスクール ロボット 死亡時に爆発 Perceptionが大幅に増加する
R_Fallout76 2023_11_24 10_08_37.png,情報 推奨レベル レベル50以上 リセットまでの時間 16H ロケーション 燃え盛る鉱山 敵派閥 プラッドイーグル 敵変異 デンジャークラウド 付近のプレイヤーのHPとAPを減少させる 鋭い視線(デフォルト) Perceptionが大幅に増加する
R_Fallout76 2023_11_25 10_14_16.png,情報 推奨レベル リセットまでの時間 ロケーション 敵派閥 敵変異 弾力性 サヴェージ・ストライク(デフォルト) レベル50以上 16H ワトガ・ハイスクール カルト教信者 近接攻撃でのみ倒せる 致命的なアーマー貫通攻撃
R_Fallout76 2023_11_26 9_35_39.png,情報 推奨レベル レベル50以上 リセットまでの時間 17H =レルニンレス ウエストテック研究センター 敵派閥 スコーチ 敵変異 スウィフトフット 移動速度、リロード、近接攻撃のスビピードが上昇する 鋭い視線(デフォルト) Perceptionが大幅に増加する
R_Fallout76 2023_11_28 8_36_13.png,情報 推奨レベル レベル50以上 リセットまでの時間 18H ロケーション ワトガ・ハイスクール 敵派閥 カルト教信者 La 敵変異 デンジャークラウド 付近のプレイヤーのHPとAPを減少させる 鋭い視線(デフォルト) Perceptionが大幅に増加する
R_Fallout76 2023_11_30 8_17_25.png,情報 推奨レベル レベル50以上 リセットまでの時間 18H ロケーション アンキャニー洞窟 敵派閥 スコーチ 敵変異 スウィフトフット 移動速度、リロード、近接攻撃のスピードが上昇する 鋭い視線(デフォルト) Perceptionが大幅に増加する |
R_Fallout76 2023_12_02 13_02_55.png,情報 推奨レベル リセットまでの時間 ロケーション 敵派閥 | 敵変異 「 チリングメンド(ダブル) | 鋭い視線(デフォルト) レベル50以上 13H ワトガ・ハイスクール モールマイナー 周囲を回復し、氷結攻撃 Perceptionが大幅に増加する
R_Fallout76 2023_12_04 8_28_02.png,情報 推奨レベル レベル50以上 リセットまでの時間 18H ロケーション ワトガ・ハイスクール 敵派閥 カルト教信者 敵変異 冷酷無比(ダブル) 周囲を回復し、近接攻撃でしか倒されない 鋭い視線(デフォルト) Perceptionが大幅に増加する
R_Fallout76 2023_12_06 8_41_49.png,情報 推奨レベル レベル50以上 リセットまでの時間 18H =レルニンレス ニン 敵派閥 エイリアン 敵変異 スウィフトフット 移動速度、リロード、近接攻撃のスピードが上昇する 鋭い視線(デフォルト) Perceptionが大幅に増加する
R_Fallout76 2023_12_08 7_11_07.png,情報 推奨レベル リセットまでの時間 |ョレレョンーレス 敵派閥 敵変異 不安定 鋭い視線(デフォルト) レベル50以上 19H チャールストン議事党 =とリリッン 死亡時に爆発 Perceptionが大幅に増加する
R_Fallout76 2023_12_10 7_09_18.png,情報 推奨レベル レベル50以上 リセットまでの時間 19H ロケーション ガラハン鉱業本社 敵派閥 スコーチ 敵変異 デンジャークラウド 付近のプレイヤーのHPとAPを減少させる 鋭い視線(デフォルト) Perceptionが大幅に増加する
R_Fallout76 2023_12_12 7_00_14.png,情報 推奨レベル リセットまでの時間 ロケーション 敵派閥 BER 氷の手 鋭い視線(デフォルト) レベル50以上 20H ワトガ・ハイスクール スーパーミュータント 攻撃時に標的を遅くする Perceptionが大幅に増加する
R_Fallout76 2023_12_16 8_01_33.png,情報 推奨レベル レベル50以上 リセットまでの時間 18H ロケーション チャールストン議事党 敵派閥 スコーチ 敵変異 毒雲(ダブル) クローク能力があり、 倒されると毒性ハザードを残す 鋭い視線(デフォルト) Perceptionが大幅に増加する
R_Fallout76 2023_12_18 9_10_36.png,情報 推奨レベル レベル50以上 リセットまでの時間 17H ロケーション パローズ 敵派閥 共産党員 敵変異 スティングフロスト(ダブル) 氷結攻撃し、倒されると毒性ハザードを残す 鋭い視線(デフォルト) Perceptionが大幅に増加する
R_Fallout76 2023_12_19 8_59_37.png,情報 推奨レベル レベル50以上 リセットまでの時間 18H =レルニンレス ワトガ・レイダーアリーナ 敵派閥 カルト教信者 敵変異 トキシックプラッド 死亡時にポイズンハザードを展開する サヴェージ・ストライク(デフォルト) 致命的なアーマー貫通攻撃
R_Fallout76 2023_12_20 8_00_06.png,情報 推奨レベル リセットまでの時間 |ョレレョンーレス 敵派閥 敵変異 不安定 鋭い視線(デフォルト) レベル50以上 19H アンキャニー洞窟 エイリアン 死亡時に爆発 Perceptionが大幅に増加する
R_Fallout76 2023_12_21 8_57_47.png,情報 推奨レベル レベル50以上 リセットまでの時間 18H =レルニンレス ウエストテック研究センター 敵派閥 プラッドイーグル 敵変異 デンジャークラウド 付近のプレイヤーのHPとAPを減少させる サヴェージ・ストライク(デフォルト) 致命的なアーマー貫通攻撃
R_Fallout76 2023_12_22 6_59_35.png,情報 推奨レベル レベル50以上 リセットまでの時間 20H ロケーション ガラハン鉱業本社 敵派閥 共産党員 敵変異 リフレクトスキン 定期的に直接的なダメージを相手に反射する 鋭い視線(デフォルト) Perceptionが大幅に増加する
R_Fallout76 2023_12_23 9_58_53.png,情報 推奨レベル リセットまでの時間 ロケーション 敵派閥 敵変異 不安定 サヴェージ・ストライク(デフォルト) レベル50以上 17H ワトガ・ハイスクール ロボット 死亡時に爆発 致命的なアーマー貫通攻撃
R_Fallout76 2023_12_24 8_16_27.png,情報 推奨レベル レベル50以上 リセットまでの時間 18H ロケーション パレー・ガレリア 敵派閥 モールマイナー 敵変異 デンジャークラウド 付近のプレイヤーのHPとAPを減少させる 鋭い視線(デフォルト) Perceptionが大幅に増加する
R_Fallout76 2023_12_25 9_31_13.png,情報 推奨レベル レベル50以上 リセットまでの時間 17H ロケーション WO-X 敵派閥 スコーチ 敵変異 グループ再生 近距離でグループ化すると回復する サヴェージ・ストライク(デフォルト) 致命的なアーマー貫通攻撃
R_Fallout76 2023_12_26 9_01_41.png,情報 推奨レベル レベル50以上 リセットまでの時間 17H =レルニンレス ワトガ・レイダーアリーナ 敵派閥 モールマイナー 敵変異 スウィフトフット 移動速度、リロード、近接攻撃のスピードが上昇する 鋭い視線(デフォルト) Perceptionが大幅に増加する
R_Fallout76 2023_12_27 8_12_54.png,情報 推奨レベル レベル50以上 リセットまでの時間 18H ロケーション Vault 94 敵派閥 スーパーミュータント 敵変異 リフレクトスキン 定期的に直接的なダメージを相手に反射する サヴェージ・ストライク(デフォルト) 致命的なアーマー貫通攻撃
R_Fallout76 2023_12_28 13_28_42.png,情報 推奨レベル リセットまでの時間 ロケーション 敵派閥 BER 1 ジジシアルル 鋭い視線(デフォルト) レベル50以上 13H チャールストン議事党 エイリアン 死詞時にポイズンハザードを展開する Perceptionが大幅に増加する
R_Fallout76 2023_12_30 9_21_55.png,情報 推奨レベル レベル50以上 リセットまでの時間 17H ロケーション アークトス・ファーマ生態群研究所 敵派閥 スコーチ 敵変異 チリングメンド(ダブル) 周囲を回復し、氷結攻撃 鋭い視線(デフォルト) Perceptionが大幅に増加する
R_Fallout76 2024_01_03 6_28_36.png,情報 推奨レベル リセットまでの時間 =レルニンレス 敵派閥 敵変異 レベル50以上 20H モーガンタウン・ハイスクール カルト教信者 スウィフトフット 移動速度、リロード、近接攻撃のスピードが上昇する 鋭い視線(デフォルト) Perceptionが大幅に増加する
R_Fallout76 2024_01_05 8_49_22.png,情報 推奨レベル レベル50以上 リセットまでの時間 18H ロケーション モーガンタウン・ハイスクール 敵派閥 モールマイナー 敵変異 リフレクトスキン 定期的に直接的なダメージを相手に反射する 鋭い視線(デフォルト) Perceptionが大幅に増加する
R_Fallout76 2024_01_07 7_47_21.png,情報 推奨レベル リセットまでの時間 ロケーション 敵派閥 BER 1 ジジシアルル 鋭い視線(デフォルト) レベル50以上 19H チャールストン議事党 プブラッドイーグル 死詞時にポイズンハザードを展開する Perceptionが大幅に増加する
R_Fallout76 2024_01_09 8_37_30.png,情報 推奨レベル リセットまでの時間 |ョレレョンーレス 敵派閥 敵変異 不安定 鋭い視線(デフォルト) レベル50以上 18H ウエストテック研究センター ロボット 死亡時に爆発 Perceptionが大幅に増加する
R_Fallout76 2024_01_11 8_43_30.png,情報 推奨レベル リセットまでの時間 |ョレレョンーレス 敵派閥 敵変異 不安定 鋭い視線(デフォルト) レベル50以上 18H WO-X 共産党員 死亡時に爆発 Perceptionが大幅に増加する
R_Fallout76 2024_01_12 9_58_53.png,情報 推奨レベル レベル50以上 リセットまでの時間 17H ロケーション アンキャニー洞窟 敵派閥 エイリアン 敵変異 BEST) クローク能力があり、 倒されると毒性ハザードを残す サヴェージ・ストライク(デフォルト) 致命的なアーマー貫通攻撃
R_Fallout76 2024_01_13 7_34_26.png,情報 推奨レベル リセットまでの時間 ロケーション 敵派閥 BER アンステイブル(ダブル) 鋭い視線(デフォルト) レベル50以上 19H 燃え盛る鉱山 プラッドイーグル 素早く、死亡時に爆発 Perceptionが大幅に増加する Ly a
R_Fallout76 2024_01_14 8_08_02.png,情報 推奨レベル リセットまでの時間 =レルニンレス 敵派閥 敵変異 スウィフト・ストーカー(ダブル) サヴェージ・ストライク(デフォルト) レベル50以上 18H WO-X スーパーミュータント クローク能力があり、 素早い 致命的なアーマー貫通攻撃
R_Fallout76 2024_01_15 7_53_42.png,情報 推奨レベル レベル50以上 リセットまでの時間 19H ロケーション モーガンタウン・ハイスクール 敵派閥 共産党員 敵変異 毒雲(ダブル) クローク能力があり、 倒されると毒性ハザードを残す 鋭い視線(デフォルト) Perceptionが大幅に増加する
R_Fallout76 2024_01_17 7_23_53.png,情報 推奨レベル リセットまでの時間 ロケーション 敵派閥 BER 氷の手 鋭い視線(デフォルト) レベル50以上 19H ワトガ・ハイスクール カルト教信者 攻撃時に標的を遅くする Perceptionが大幅に増加する
R_Fallout76 2024_01_20 7_35_10.png,情報 推奨レベル レベル50以上 リセットまでの時間 19H ロケーション モーガンタウン・ハイスクール 敵派閥 スコーチ 敵変異 グループ再生 近距離でグループ化すると回復する サヴェージ・ストライク(デフォルト) 致命的なアーマー貫通攻撃
R_Fallout76 2024_01_20 7_35_17.png,情報 推奨レベル レベル50以上 リセットまでの時間 19H ロケーション モーガンタウン・ハイスクール 敵派閥 スコーチ 敵変異 グループ再生 近距離でグループ化すると回復する サヴェージ・ストライク(デフォルト) 致命的なアーマー貫通攻撃
R_Fallout76 2024_01_21 7_49_57.png,情報 推奨レベル レベル50以上 リセットまでの時間 19H ロケーション チャールストン議事党 敵派閥 共産党員 敵変異 スウィフトフット 移動速度、リロード、近接攻撃のスビピードが上昇する 鋭い視線(デフォルト) Perceptionが大幅に増加する
R_Fallout76 2024_01_22 8_57_40.png,情報 推奨レベル レベル50以上 リセットまでの時間 18H ロケーション パレー・ガレリア 敵派閥 プラッドイーグル 敵変異 トキシックプラッド 死亡時にポイズンハザードを展開する サヴェージ・ストライク(デフォルト) 致命的なアーマー貫通攻撃
R_Fallout76 2024_01_23 7_53_13.png,情報 推奨レベル リセットまでの時間 ロケーション 敵派閥 MER 鋭い視線(デフォルト) レベル50以上 19H アンキャニー洞窟 スーパーミュータント 攻撃時に標的を遅くする Perceptionが大幅に増加する
R_Fallout76 2024_01_24 8_58_08.png,情報 推奨レベル レベル50以上 リセットまでの時間 18H =レルニンレス ウエストテック研究センター 敵派閥 ロボット 敵変異 スウィフトフット 移動速度、リロード、近接攻撃のスピードが上昇する サヴェージ・ストライク(デフォルト) 致命的なアーマー貫通攻撃
R_Fallout76 2024_01_25 7_06_07.png,情報 推奨レベル レベル50以上 リセットまでの時間 19H ロケーション チャールストン議事党 敵派閥 プラッドイーグル 敵変異 デンジャークラウド 付近のプレイヤーのHPとAPを減少させる 鋭い視線(デフォルト) Perceptionが大幅に増加する
R_Fallout76 2024_01_26 7_18_30.png,情報 推奨レベル レベル50以上 リセットまでの時間 19H ( ロケーション WO-R | 敵派閥 共産党員 敵変異 スティングフロスト(ダブル) 氷結攻撃し、倒されると毒性ハザードを残す サヴェージ・ストライク(デフォルト) 致命的なアーマー貫通攻撃
R_Fallout76 2024_01_27 7_14_10.png,情報 推奨レベル レベル50以上 リセットまでの時間 19H ロケーション チャールストン議事党 敵派閥 スコーチ 敵変異 冷酷無比(ダブル) 周囲を回復し、近接攻撃でしか倒されない 鋭い視線(デフォルト) Perceptionが大幅に増加する
R_Fallout76 2024_01_28 7_29_35.png,情報 推奨レベル レベル50以上 リセットまでの時間 19H ロケーション 燃え盛る鉱山 敵派閥 共産党員 敵変異 冷酷無比(ダブプル) 周囲を回復し、近接攻撃でしか倒されない サヴェージ・ストライク(デフォルト) 致命的なアーマー貫通攻撃
R_Fallout76 2024_01_29 7_27_59.png,情報 推奨レベル リセットまでの時間 ロケーション 敵派閥 BER アンステイブル(ダブル) 鋭い視線(デフォルト) レベル50以上 19H ガラハン鉱業本社 スーパーミュータント 素早く、死亡時に爆発 Perceptionが大幅に増加する
R_Fallout76 2024_01_31 9_06_30.png,情報 推奨レベル リセットまでの時間 |ョレレョンーレス 敵派閥 敵変異 不安定 鋭い視線(デフォルト) レベル50以上 17H WO-X =とリリッン 死亡時に爆発 Perceptionが大幅に増加する
R_Fallout76 2024_02_02 7_35_22.png,情報 推奨レベル リセットまでの時間 ロケーション 敵派閥 BER アクティブ迷彩 鋭い視線(デフォルト) レベル50以上 19H Vault 94 スコーチ ff 攻撃していない間は身を隠す Perceptionが大幅に増加する
R_Fallout76 2024_02_04 7_38_27.png,情報 推奨レベル レベル50以上 リセットまでの時間 19H =レルニンレス ワトガ・レイダーアリーナ 敵派閥 スーパーミュータント 敵変異 リフレクトスキン 定期的に直接的なダメージを相手に反射する 鋭い視線(デフォルト) Perceptionが大幅に増加する
R_Fallout76 2024_02_06 8_06_38.png,情報 推奨レベル リセットまでの時間 ロケーション 敵派閥 BER 氷の手 鋭い視線(デフォルト) レベル50以上 18H アンキャニー洞窟 共産党員 攻撃時に標的を遅くする Perceptionが大幅に増加する
R_Fallout76 2024_02_07 7_44_18.png,情報 推奨レベル リセットまでの時間 =レルニンレス 敵派閥 敵変異 アクティブ迷彩 サヴェージ・ストライク(デフォルト) レベル50以上 19H ワトガ・ハイスクール スコーチ 攻撃していない間は身を隠す 致命的なアーマー貫通攻撃
R_Fallout76 2024_02_08 7_18_50.png,"情報 推奨レベル レベル50以上 リセットまでの時間 19H ロケーション パローズ 敵派閥 カルト教信者 , 敵変異 リフレクトスキン 定期的に直接的なダメージを相手に反射する 鋭い視線(デフォルト) Perceptionが大幅に増加する"
R_Fallout76 2024_02_09 7_06_31.png,情報 推奨レベル レベル50以上 リセットまでの時間 19H ロケーション Vault 94 敵派閥 レニロン 敵変異 スティングフロスト(ダブル) 氷結攻撃し、倒されると毒性ハザードを残す サヴェージ・ストライク(デフォルト) 致命的なアーマー貫通攻撃
R_Fallout76 2024_02_10 6_16_16.png,情報 推奨レベル リセットまでの時間 ロケーション 敵派閥 BER チリングメンド(ダブル) 鋭い視線(デフォルト) レベル50以上 20H ワトガ・レイダーアリーナ 共産党員 周囲を回復し、氷結攻撃 Perceptionが大幅に増加する
R_Fallout76 2024_02_12 6_35_04.png,推奨レベル リセットまでの時間 ロケーション 敵派閥 BER アンステイブル(ダブル) 鋭い視線(デフォルト) レベル50以上 20H アークトス・ファーマ生態群研究所 ロボット 素早く、死亡時に爆発 Perceptionが大幅に増加する
R_Fallout76 2024_02_13 9_07_45.png,情報 推奨レベル レベル50以上 リセットまでの時間 17H ロケーション アークトス・ファーマ生態群研究所 敵派閥 ロボット 敵変異 氷の手 攻撃時に標的を遅くする 鋭い視線(デフォルト) Perceptionが大幅に増加する
R_Fallout76 2024_02_14 7_21_47.png,情報 推奨レベル リセットまでの時間 ロケーション 敵派閥 敵変異 デンジャークラウド 鋭い視線(デフォルト) レベル50以上 19H ワトガ・レイダーアリーナ ロボット 付近のプレイヤーのHPとAPを減少させる Perceptionが大幅に増加する
R_Fallout76 2024_02_16 7_34_26.png,情報 推奨レベル レベル50以上 リセットまでの時間 19H =レルニンレス ウエストテック研究センター 敵派閥 共産党員 敵変異 デンジャークラウド 付近のプレイヤーのHPとAPを減少させる 鋭い視線(デフォルト) Perceptionが大幅に増加する
R_Fallout76 2024_02_20 8_32_59.png,情報 推奨レベル リセットまでの時間 |ョレレョンーレス 敵派閥 敵変異 弾力性 鋭い視線(デフォルト) レベル50以上 18H ワトガ・レイダーアリーナ =とリリッン 近接攻撃でのみ倒せる Perceptionが大幅に増加する
R_Fallout76 2024_02_22 8_55_01.png,情報 推奨レベル レベル50以上 リセットまでの時間 18H =レルニンレス ワトガ・レイダーアリーナ 敵派閥 カルト教信者 敵変異 スウィフトフット 移動速度、リロード、近接攻撃のスビピードが上昇する 鋭い視線(デフォルト) Perceptionが大幅に増加する
R_Fallout76 2024_02_24 7_59_12.png,情報 推奨レベル レベル50以上 リセットまでの時間 19H ロケーション アークトス・ファーマ生態群研究所 敵派閥 エイリアン 敵変異 冷酷無比(ダブル) 周囲を回復し、近接攻撃でしか倒されない 鋭い視線(デフォルト) Perceptionが大幅に増加する
R_Fallout76 2024_02_26 7_15_15.png,情報 推奨レベル レベル50以上 リセットまでの時間 19H ロケーション ウエストテック研究センター 敵派閥 プラッドイーグル 敵変異 蒸気性(ダブル) クローク能力があり、死亡時に爆発 鋭い視線(デフォルト) Perceptionが大幅に増加する
R_Fallout76 2024_02_28 7_20_10.png,レゴ 情報 推奨レベル レベル50以上 リセットまでの時間 19H ロケーション ガラハン鉱業本社 敵派閥 プラッドイーグル 敵変異 リフレクトスキン 定期的に直接的なダメージを相手に反射する 鋭い視線(デフォルト) Perceptionが大幅に増加する
R_Fallout76 2024_03_01 7_17_19.png,情報 推奨レベル リセットまでの時間 ロケーション 敵派閥 BER 1 ジジシアルル 鋭い視線(デフォルト) レベル50以上 19H Vault 94 スコーチ 死詞時にポイズンハザードを展開する Perceptionが大幅に増加する
R_Fallout76 2024_03_03 8_18_13.png,情報 推奨レベル レベル50以上 リセットまでの時間 18H ロケーション 燃え盛る鉱山 敵派閥 スーパーミュータント 敵変異 | 氷の手 攻撃時に標的を遅くする ) 鋭い視線(デフォルト) Perceptionが大幅に増加する
R_Fallout76 2024_03_05 8_57_01.png,情報 推奨レベル レベル50以上 リセットまでの時間 18H ロケーション アークトス・ファーマ生態群研究所 敵派閥 プラッドイーグル 敵変異 アクティブ迷彩 攻撃していない間は身を隠す 鋭い視線(デフォルト) Perceptionが大幅に増加する
R_Fallout76 2024_03_07 7_09_16.png,情報 推奨レベル リセットまでの時間 |ョレレョンーレス 敵派閥 敵変異 弾力性 鋭い視線(デフォルト) レベル50以上 19H ワトガ・ハイスクール 共産党員 近接攻撃でのみ倒せる Perceptionが大幅に増加する
R_Fallout76 2024_03_09 7_11_01.png,情報 推奨レベル レベル50以上 リセットまでの時間 19H ロケーション Vault 94 敵派閥 スーパーミュータント 敵変異 蒸気性(ダブル) クローク能力があり、死亡時に爆発 鋭い視線(デフォルト) Perceptionが大幅に増加する
R_Fallout76 2024_03_10 7_31_06.png,情報 推奨レベル リセットまでの時間 =レルニンレス 敵派閥 敵変異 チリングメンド(ダブル) サヴェージ・ストライク(デフォルト) レベル50以上 19H ワトガ・レイダーアリーナ カルト教信者 周囲を回復し、氷結攻撃 致命的なアーマー貫通攻撃
R_Fallout76 2024_03_11 9_30_07.png,情報 推奨レベル リセットまでの時間 ロケーション 敵派閥 BER アンステイブル(ダブル) 鋭い視線(デフォルト) レベル50以上 17H アンキャニー洞窟 スーパーミュータント 素早く、死亡時に爆発 Perceptionが大幅に増加する
R_Fallout76 2024_03_13 7_10_45.png,情報 推奨レベル レベル50以上 リセットまでの時間 19H ロケーション バローズ 敵派閥 カルト教信者 敵変異 スウィフトフット 移動速度、リロード、近接攻撃のスビピードが上昇する 鋭い視線(デフォルト) Perceptionが大幅に増加する
R_Fallout76 2024_03_15 7_07_50.png,情報 推奨レベル リセットまでの時間 ロケーション 敵派閥 BER 1 ジジシアルル 鋭い視線(デフォルト) レベル50以上 19H Vault 96 カルト教信者 死詞時にポイズンハザードを展開する Perceptionが大幅に増加する
R_Fallout76 2024_03_17 7_22_57.png,情報 推奨レベル レベル50以上 リセットまでの時間 19H ロケーション アンキャニー洞窟 敵派閥 エイリアン 敵変異 リフレクトスキン 定期的に直接的なダメージを相手に反射する 鋭い視線(デフォルト) Perceptionが大幅に増加する
R_Fallout76 2024_03_18 7_59_29.png,情報 推奨レベル レベル50以上 リセットまでの時間 19H ロケーション アークトス・ファーマ生態群研究所 敵派閥 エイリアン 敵変異 グループ再生 近距離でグループ化すると回復する サヴェージ・ストライク(デフォルト) 致命的なアーマー貫通攻撃
R_Fallout76 2024_03_19 10_05_18.png,情報 推奨レベル レベル50以上 リセットまでの時間 16H ロケーション 燃え盛る鉱山 敵派閥 ロボット 敵変異 デンジャークラウド 付近のプレイヤーのHPとAPを減少させる 鋭い視線(デフォルト) Perceptionが大幅に増加する
R_Fallout76 2024_03_21 6_54_57.png,情報 推奨レベル リセットまでの時間 ロケーション 敵派閥 BER アクティブ迷彩 鋭い視線(デフォルト) レベル50以上 20H ニン プラッドイーグル 攻撃していない間は身を隠す Perceptionが大幅に増加する ュー
R_Fallout76 2024_03_23 7_12_33.png,情報 推奨レベル レベル50以上 リセットまでの時間 19H ロケーション Vault96 敵派閥 カルト教信者 敵変異 スティングフロスト(ダブル) 氷結攻撃し、倒されると毒性ハザードを残す 鋭い視線(デフォルト) Perceptionが大幅に増加する
R_Fallout76 2024_03_24 7_10_42.png,情報 推奨レベル レベル50以上 リセットまでの時間 19H ロケーション モーガンタウン・ハイスクール 敵派閥 モールマイナー 敵変異 BEST) クローク能力があり、 倒されると毒性ハザードを残す サヴェージ・ストライク(デフォルト) 致命的なアーマー貫通攻撃
R_Fallout76 2024_03_25 7_00_51.png,情報 推奨レベル リセットまでの時間 =レルニンレス 敵派閥 敵変異 プリスタリングコールド(ダブル) 鋭い視線(デフォルト) レベル50以上 20H Vault 96 共産党員 素早く、氷結攻撃を繰り出す Perceptionが大幅に増加する
R_Fallout76 2024_03_27 7_40_57.png,情報 推奨レベル リセットまでの時間 ロケーション 敵派閥 BER 氷の手 鋭い視線(デフォルト) レベル50以上 19H Vault 96 共産党員 攻撃時に標的を遅くする Perceptionが大幅に増加する
R_Fallout76 2024_03_28 8_59_39.png,情報 推奨レベル レベル50以上 |。リセットまでの時間 18H ロケーション ワトガ・ハイスクール 敵派閥 スコーチ BER | トキシックプラッド 死亡時にポイズンハザードを展開する : サヴェージ・ストライク(デフォルト) Redo 7 ATA
R_Fallout76 2024_03_29 6_22_54.png,情報 推奨レベル リセットまでの時間 =レルニンレス 敵派閥 敵変異 アクティブ迷彩 鋭い視線(デフォルト) レベル50以上 20H ウエストテック研究センター モールマイナー 攻撃していない間は身を隠す Perceptionが大幅に増加する
R_Fallout76 2024_03_31 7_34_11.png,情報 推奨レベル レベル50以上 リセットまでの時間 19H ロケーション アンキャニー洞窟 敵派閥 スーパーミュータント 敵変異 スウィフトフット 移動速度、リロード、近接攻撃のスビピードが上昇する 鋭い視線(デフォルト) Perceptionが大幅に増加する
R_Fallout76 2024_04_01 6_53_21.png,| 情報 推奨レベル リセットまでの時間 =レルニンレス 敵派閥 敵変異 弾力性 サヴェージ・ストライク(デフォルト) レベル50以上 20H アークトス・ファーマ生態群研究所 エイリアン 近接攻撃でのみ倒せる 致命的なアーマー貫通攻撃
R_Fallout76 2024_04_04 7_02_19.png,情報 推奨レベル レベル50以上 リセットまでの時間 19H =レルニンレス ウエストテック研究センター 敵派閥 ロボット 敵変異 スウィフトフット 移動速度、リロード、近接攻撃のスピードが上昇する 鋭い視線(デフォルト) Perceptionが大幅に増加する
R_Fallout76 2024_04_08 8_18_13.png,情報 推奨レベル リセットまでの時間 ロケーション 敵派閥 BER チリングメンド(ダブル) 鋭い視線(デフォルト) レベル50以上 18H チャールストン議事党 カルト教信者 周囲を回復し、氷結攻撃 Perceptionが大幅に増加する
R_Fallout76 2024_04_09 6_17_45.png,情報 推奨レベル レベル50以上 リセットまでの時間 20H ロケーション ガラハン鉱業本社 敵派閥 共産党員 敵変異 デンジャークラウド 付近のプレイヤーのHPとAPを減少させる サヴェージ・ストライク(デフォルト) 致命的なアーマー貫通攻撃
R_Fallout76 2024_04_10 6_31_44.png,情報 推奨レベル リセットまでの時間 ロケーション 敵派閥 BER グループ再生 鋭い視線(デフォルト) レベル50以上 20H WO-X =シリリッンク 近距離でグループ化すると回復する Perceptionが大幅に増加する
R_Fallout76 2024_04_11 9_32_45.png,| WW 推奨レベル レベル50以上 リセットまでの時間 17H ロケーション 燃え盛る鉱山 敵派閥 プラッドイーグル 敵変異 スウィフトフット 移動速度、リロード、近接攻撃のスピードが上昇する サヴェージ・ストライク(デフォルト) 致命的なアーマー貫通攻撃
R_Fallout76 2024_04_12 7_14_04.png,情報 推奨レベル リセットまでの時間 |ョレレョンーレス 敵派閥 敵変異 不安定 鋭い視線(デフォルト) レベル50以上 19H ワトガ・ハイスクール スコーチ 死亡時に爆発 Perceptionが大幅に増加する
R_Fallout76 2024_04_14 6_49_45.png,情報 推奨レベル リセットまでの時間 |ョレレョンーレス 敵派閥 敵変異 弾力性 鋭い視線(デフォルト) レベル50以上 20H Vault 94 カルト教信者 近接攻撃でのみ倒せる Perceptionが大幅に増加する
R_Fallout76 2024_04_16 5_59_40.png,情報 推奨レベル リセットまでの時間 |ョレレョンーレス 敵派閥 敵変異 弾力性 鋭い視線(デフォルト) レベル50以上 21H アークトス・ファーマ生態群研究所 エイリアン . 近接攻撃でのみ倒せる Perceptionが大幅に増加する
R_Fallout76 2024_04_18 7_32_21.png,情報 推奨レベル レベル50以上 リセットまでの時間 19H ロケーション ガラハン鉱業本社 敵派閥 ロボット 敵変異 デンジャークラウド 付近のプレイヤーのHPとAPを減少させる 鋭い視線(デフォルト) Perceptionが大幅に増加する
R_Fallout76 2024_04_20 7_10_47.png,情報 推奨レベル レベル50以上 リセットまでの時間 19H ロケーション パローズ 敵派閥 スコーチ 敵変異 スティングフロスト(ダブル) ※結攻撃し、倒されると毒性ハザードを残す 鋭い視線(デフォルト) Perceptionが大幅に増加する
R_Fallout76 2024_04_22 7_51_48.png,情報 推奨レベル リセットまでの時間 =レルニンレス 敵派閥 敵変異 プリスタリングコールド(ダブル) 鋭い視線(デフォルト) レベル50以上 19H ワトガ・レイダーアリーナ モールマイナー 素早く、氷結攻撃を繰り出す Perceptionが大幅に増加する
R_Fallout76 2024_04_24 7_20_52.png,情報 推奨レベル レベル50以上 リセットまでの時間 19H ロケーション チャールストン議事党 敵派閥 エイリアン 敵変異 リフレクトスキン 定期的に直接的なダメージを相手に反射する 鋭い視線(デフォルト) Perceptionが大幅に増加する
R_Fallout76 2024_04_25 6_49_03.png,情報 推奨レベル リセットまでの時間 =レルニンレス 敵派閥 敵変異 PRE サヴェージ・ストライク(デフォルト) レベル50以上 20H 燃え盛る鉱山 カルト教信者 死亡時に爆発 致命的なアーマー貫通攻撃
R_Fallout76 2024_04_26 7_41_17.png,情報 推奨レベル リセットまでの時間 =レルニンレス 敵派閥 敵変異 アクティブ迷彩 鋭い視線(デフォルト) レベル50以上 19H ワトガ・レイダーアリーナ 共産党員 攻撃していない間は身を隠す Perceptionが大幅に増加する
R_Fallout76 2024_04_28 7_34_50.png,情報 推奨レベル リセットまでの時間 =レルニンレス 敵派閥 敵変異 アクティブ迷彩 鋭い視線(デフォルト) レベル50以上 19H WO-X ロボット 攻撃していない間は身を隠す Perceptionが大幅に増加する
R_Fallout76 2024_04_29 6_49_26.png,> 情報 推奨レベル レベル50以上 リセットまでの時間 20H ロケーション 燃え盛る鉱山 敵派閥 モールマイナー 敵変異 グループ再生 近距離でグループ化すると回復する サヴェージ・ストライク(デフォルト) 致命的なアーマー貫通攻撃
R_Fallout76 2024_04_30 6_57_04.png,情報 推奨レベル レベル50以上 リセットまでの時間 20H ロケーション チャールストン議事党 敵派閥 スコーチ 敵変異 スウィフトフット 移動速度、リロード、近接攻撃のスビピードが上昇する 鋭い視線(デフォルト) Perceptionが大幅に増加する
R_Fallout76_2025_01_22_07_07_23_002.png,情報 推奨レベル レベル50以上 リセットまでの時間 19H ロケーション グラスド洞窟 HORE 共産党員 敵変異 トキシックプラッド 死詞時にポイズンハザードを展開する サヴェージ・ストライク(デフォルト) 致命的なアーマー貫通攻撃
R_Fallout76_2025_02_18_08_54_45_104.png,| s j 情報 HEAL レベル50以上 リセットまでの時間 18H ロケーション チャールストン議事堂 RRA エイリアン ER リフレクトスキン 定期的に直接的なダメージを相手に反射する 鋭い視線(デフォルト) Perceptionが大幅に増加する
R_Fallout76_2025_03_04_07_00_33_728.png,情報 推奨レベル レベル50以上 リセットまでの時間 20H ロケーション パローズ 敵派閥 モールマイナー i R 敵変異 スウィフトフット 移動速度、リロード、近接攻撃のスピードが上昇する 鋭い視線(デフォルト) Perceptionが大幅に増加する
R_Fallout76_2025_03_05_06_45_29_595.png,情報 推奨レベル レベル50以上 リセットまでの時間 20H ロケーション ニン 敵派閥 モールマイナー 敵変異 スウィフトフット 移動速度、リロード、近接攻撃のスピードが上昇する 鋭い視線(デフォルト) Perceptionが大幅に増加する
R_Fallout76_2025_03_18_08_01_59_302.png,情報 HEREVAIL リセットまでの時間 ョレルョンーレス 敵派閥 敵変異 グループ再生 鋭い視線(デフォルト) レベル50以上 17H ワトガ・ハイスクール プラッドイーグル 近距離でグループ化すると回復する Perceptionが大幅に増加する
R_Fallout76_2025_04_28_07_34_19_191.png,情報 推奨レベル レベル50以上 リセットまでの時間 18H ロケーション Vault 96 敵派閥 共産党員 敵変異 グループ再生 近距離でグループ化すると回復する サヴェージ・ストライク(デフォルト) 致命的なアーマー貫通攻撃 と グ
R_Fallout76_2025_04_29_08_12_31_059.png,情報 推奨レベル リセットまでの時間 |ョレレョンーレス 敵派閥 敵変異 弾力性 鋭い視線(デフォルト) レベル50以上 17H ニン 共産党員 近接攻撃でのみ倒せる Perceptionが大幅に増加する
R_Fallout76_2025_04_30_08_48_10_884.png,情報 推奨レベル レベル50以上 リセットまでの時間 17H ロケーション アークトス・ファーで生態群研究所 敵派閥 スコーチ 敵変異 スウィフトフット 移動速度、リロード、近接攻撃のスピードが上昇する サヴェージ・ストライク(デフォルト) 致命的なアーマー貫通攻撃
R_Fallout76_2025_07_05_08_06_00_001.png,情報 HEREVAIL リセットまでの時間 ョレルョンーレス 敵派閥 敵変異 アクティブ迷彩 サヴェージ・ストライク(デフォルト) レベル50以上 17H ワトガ・ハイスクール スコーチ 攻撃していない間は身を隠す 致命的なアーマー貫通攻撃
R_Fallout76_2025_07_15_07_28_49_448.png,情報 推奨レベル リセットまでの時間 ロケーション 敵派閥 ER FRE サヴェージ・ストライク(デフォルト) レベル50以上 18H ウエストテック研究センター スーパーミュータント 死 時に爆発 致命的なアーマー貫通攻撃
R_Fallout76_2025_08_08_07_43_19_049.png,情報 HEREVAIL レベル50以上 リセットまでの時間 18H ロケーション バローズ 敵派閥 スーパーミュータント 敵変異 スティングフロスト(ダブル) ※結攻撃し、倒されると毒性ハザードを残す サヴェージ・ストライク(デフォルト) 致命的なアーマー貫通攻撃
R_Fallout76_2025_08_11_07_08_20_116.png,情報 推奨レベル レベル50以上 リセットまでの時間 18H ロケーション トガ・ハイスクール 敵派閥 スーパーミュータント ER 毒雲(ダブル) クローク能力があり、倒されると毒性ハザードを残す 鋭い視線(デフォルト) Perceptionが大幅に増加する
R_Fallout76_2025_08_12_07_36_29_071.png,情報 推奨レベル リセットまでの時間 ロケーション REA BER 不安定 サヴェージ・ストライク(デフォルト) レベル50以上 18H ガラハン鉱業本社 スーパーミュータント 死亡時に爆発 致命的なアーマー貫通攻撃
R_Fallout76_2025_08_13_07_26_52_771.png,情報 推奨レベル リセットまでの時間 ロケーション aOR 敵変異 トキシックプラッド 鋭い視線(デフォルト) レベル50以上 18H ワトガ・ハイスクール 共産党員 死亡時にポイズンハザードを展開する Perceptionが大幅に増加する
R_Fallout76_2025_08_19_07_17_31_804.png,情報 推奨レベル リセットまでの時間 ロケーション aOR 敵変異 トキシックプラッド 鋭い視線(デフォルト) レベル50以上 18H ワトガ・ハイスクール プラッドイーグル 死亡時にポイズンハザードを展開する Perceptionが大幅に増加する
R_Fallout76_2025_08_23_09_00_29_836.png,情報 HEAL リセットまでの時間 ロケーション aR 敵変異 鋭い視線(デフォルト) レベル50以上 17H バレー・ガレリア 共産党員 Perceptionが大幅に増加する
R_Fallout76_2025_08_25_09_37_03_351.png,情報 HEREVAIL リセットまでの時間 ョレルョンーレス 敵派閥 敵変異 スウィフト・ストーカー(ダブル) 鋭い視線(デフォルト) レベル50以上 16H ワトガ・ハイスクール スーパーミュータント クローク能力があり、 素早い Perceptionが大幅に増加する
R_Fallout76_2025_08_29_09_56_42_876.png,情報 推奨レベル レベル50以上 リセットまでの時間 16H ロケーション トガ・ハイスクール 敵派閥 スーパーミュータント ER スティングフロスト(ダブル) ※結攻撃し、倒されると毒性ハザードを残す 鋭い視線(デフォルト) Perceptionが大幅に増加する
R_Fallout76_2025_08_30_09_45_02_599.png,情報 推奨レベル リセットまでの時間 ロケーション aOR 敵変異 チリングメンド(ダブル) サザヴェージ・ストライク(デフォルト) レベル50以上 16H グラスド洞窟 プラッドイーグル iN に ェニー 周囲を回復し、氷結攻撃 致命的なアーマー貫通攻撃
R_Fallout76_2025_08_31_09_57_30_010.png,情報 推奨レベル レベル50以上 リセットまでの時間 16H ロケーション 'ガ-ハイスクール | 敵派閥 スーパーミュータント ER スティングフロスト(ダブル) ※結攻撃し、倒されると毒性ハザードを残す 鋭い視線(デフォルト) Perceptionが大幅に増加する
R_Fallout76_2025_09_03_06_38_38_661.png,情報 推奨レベル リセットまでの時間 ロケーション 敵派閥 ER Batt サヴェージ・ストライク(デフォルト) レベル50以上 19H アンキャニー洞窟 モールマイナー 近接攻撃でのみ倒せる 致命的なアーマー貫通攻撃
R_Fallout76_2025_09_04_07_06_13_795.png,情報 推奨レベル レベル50以上 リセットまでの時間 18H ロケーション ウエストテック研究センター Hee EE ER スウィフトフット 移動速度、リロード、近接攻撃のスピードが上昇する 鋭い視線(デフォルト) Perceptionが大幅に増加する
R_Fallout76_2025_09_05_03_33_13_393.png,情報 推奨レベル リセットまでの時間 ロケーション BOR 敵変異 スウィフト・ストーカー(ダブル) サザヴェージ・ストライク(デフォルト) レベル50以上 22H 燃え盛る鉱山 共産党員 クローク能力があり、素早い 致命的なアーマー貫通攻撃
R_Fallout76_2025_09_12_07_04_36_940.png,: | 情報 HEREVAIL リセットまでの時間 ロケーション 敵派閥 敵変異 弾力性 鋭い視線(デフォルト) レベル50以上 18H コミュニティセンター 伸びすぎ 近接攻撃でのみ倒せる Perceptionが大幅に増加する
R_Fallout76_2025_09_13_06_51_12_434.png,情報 推奨レベル レベル50以上 リセットまでの時間 19H ロケーション モーガンタウン・ハイスクール 敵派閥 レニニンョ MER グループ再生 近距離でグループ化すると回復する サヴェージ・ストライク(デフォルト) 致命的なアーマー貫通攻撃
R_Fallout76_2025_09_15_07_07_24_180.png,情報 HEREVAIL リセットまでの時間 ョレルョンーレス 敵派閥 敵変異 アクティブ迷彩 サヴェージ・ストライク(デフォルト) レベル50以上 18H ウエストテック研究センター ロボット 攻撃していない間は身を隠す 致命的なアーマー貫通攻撃
R_Fallout76_2025_09_16_09_12_40_744.png,情報 推奨レベル レベル50以上 リセットまでの時間 16H ロケーション アークトス・ファーで生態群研究所 ROR 共産党員 ER リフレクトスキン 定期的に直接的なダメージを相手に反射する 鋭い視線(デフォルト) Perceptionが大幅に増加する
R_Fallout76_2025_09_18_09_38_37_812.png,情報 推奨レベル リセットまでの時間 ロケーション BOR 敵変異 トキシックプラッド 鋭い視線(デフォルト) レベル50以上 16H ワトガ・ハイスクール ロボット 死亡時にポイズンハザードを展開する Perceptionが大幅に増加する
R_Fallout76_2025_09_20_07_52_25_990.png,情報 HEREVAIL リセットまでの時間 ョレルョンーレス 敵派閥 敵変異 氷の手 鋭い視線(デフォルト) レベル50以上 18H ワトガ・ハイスクール プラッドイーグル 攻撃時に標的を遅くする Perceptionが大幅に増加する
R_Fallout76_2025_09_21_07_06_57_074.png,情報 HEREVAIL レベル50以上 リセットまでの時間 18H ロケーション ワトガ・レイダーアリーナ 敵派閥 モールマイナー 敵変異 デンジャークラッウド 付近のプレイヤーのHPとAPを減少させる サヴェージ・ストライク(デフォルト) 致命的なアーマー貫通攻撃
R_Fallout76_2025_09_25_07_28_09_855.png,情報 推奨レベル レベル50以上 リセットまでの時間 18H ロケーション 燃え盛る鉱山 Hee EE ER リフレクトスキン 定期的に直接的なダメージを相手に反射する サヴェージ・ストライク(デフォルト) 致命的なアーマー貫通攻撃
R_Fallout76_2025_09_26_06_41_07_740.png,情報 推奨レベル レベル50以上 リセットまでの時間 19H ロケーション ワトガ・レイダーアリーナ HORE スーパーミュータント 敵変異 冷酷無比(ダブル) 周囲を回復し、近接攻撃でしか倒されない 鋭い視線(デフォルト) Perceptionが大幅に増加する
R_Fallout76_2025_09_28_08_02_40_695.png,情報 HEREVAIL リセットまでの時間 ョレルョンーレス 敵派閥 敵変異 アンステイブル(ダブル) 鋭い視線(デフォルト) レベル50以上 17H WA-X スーパーミュータント 素早く、 死亡時に爆発 Perceptionが大幅に増加する
R_Fallout76_2025_10_02_07_16_08_272.png,情報 HEREVAIL リセットまでの時間 ョレルョンーレス 敵派閥 敵変異 アクティブ迷彩 鋭い視線(デフォルト) レベル50以上 18H Vault 94 スーパーミュータント 攻撃していない間は身を隠す Perceptionが大幅に増加する
R_Fallout76_2025_10_04_07_56_52_052.png,情報 HEREVAIL リセットまでの時間 ョレルョンーレス 敵派閥 敵変異 チリングメンド(ダブル) 鋭い視線(デフォルト) レベル50以上 18H アンキャニー洞窟 ロボット 周囲を回復し、氷結攻撃 Perceptionが大幅に増加する
R_Fallout76_2025_10_06_07_05_58_074.png,情報 HEREVAIL レベル50以上 リセットまでの時間 18H ロケーション コミュニティセンター 敵派閥 伸びすぎ 敵変異 冷酷無比(ダブル) 周囲を回復し、近接攻撃でしか倒されない 鋭い視線(デフォルト) Perceptionが大幅に増加する
R_Fallout76_2025_10_10_06_54_16_805.png,情報 HEREVAIL リセットまでの時間 ョレルョンーレス 敵派閥 敵変異 氷の手 鋭い視線(デフォルト) レベル50以上 19H Vault 94 プラッドイーグル 2 攻撃時に標的を遅くする Perceptionが大幅に増加する
R_Fallout76_2025_10_12_07_31_04_374.png,情報 HEREVAIL リセットまでの時間 ョレルョンーレス 敵派閥 敵変異 グループ再生 鋭い視線(デフォルト) レベル50以上 18H バレー・ガレリア ロボット 近距離でグループ化すると回復する Perceptionが大幅に増加する
R_Fallout76_2025_10_15_07_15_28_387.png,1 | 情報 推奨レベル レベル50以上 リセットまでの時間 18H ロケーション グラスド洞窟 TR PIV RES 敵変異 グループ再生 近距離でグループ化すると回復する サヴェージ・ストライク(デフォルト) 致命的なアーマー貫通攻撃
R_Fallout76_2025_10_16_07_45_29_930.png,情報 推奨レベル レベル50以上 リセットまでの時間 18H ロケーション ガラハン鉱業本社 敵派閥 スーパーミュータント ER スウィフトフット 移動速度、リロード、近接攻撃のスピードが上昇する 鋭い視線(デフォルト) Perceptionが大幅に増加する
R_Fallout76_2025_10_20_07_18_09_815.png,情報 HEREVAIL リセットまでの時間 ョレルョンーレス 敵派閥 敵変異 アンステイブル(ダブル) 鋭い視線(デフォルト) レベル50以上 18H WA-X スーパーミュータント 素早く、 死亡時に爆発 Perceptionが大幅に増加する
R_Fallout76_2025_10_22_09_21_16_716.png,情報 HEREVAIL リセットまでの時間 ョレルョンーレス 敵派閥 敵変異 氷の手 鋭い視線(デフォルト) レベル50以上 16H ワトガ・ハイスクール モールマイナー 攻撃時に標的を遅くする Perceptionが大幅に増加する
R_Fallout76_2025_10_24_08_07_38_313.png,情報 HEREVAIL リセットまでの時間 ョレルョンーレス 敵派閥 敵変異 アクティブ迷彩 鋭い視線(デフォルト) レベル50以上 17H Vault 96 ロボット 攻撃していない間は身を隠す Perceptionが大幅に増加する
R_Fallout76_2025_10_26_08_23_00_556.png,情報 HEREVAIL リセットまでの時間 ョレルョンーレス 敵派閥 敵変異 グループ再生 鋭い視線(デフォルト) レベル50以上 17H DIANE プラッドイーグル 近距離でグループ化すると回復する Perceptionが大幅に増加する
R_Fallout76_2025_10_30_07_17_37_165.png,情報 HEREVAIL リセットまでの時間 ョレルョンーレス 敵派閥 敵変異 グループ再生 鋭い視線(デフォルト) レベル50以上 18H WA-X モールマイナー KN) 近距離でグループ化すると回復する Perceptionが大幅に増加する
R_Fallout76_2025_11_05_07_43_09_098.png,情報 推奨レベル リセットまでの時間 ロケーション aOR 敵変異 トキシックプラッド 鋭い視線(デフォルト) レベル50以上 19H ウエストテック研究センター プラッドイーグル 死亡時にポイズンハザードを展開する Perceptionが大幅に増加する
R_Fallout76_2025_11_09_08_03_08_381.png,情報 HEREVAIL リセットまでの時間 ロケーション 敵派閥 敵変異 不安定 鋭い視線(デフォルト) レベル50以上 18H チャールストン議事堂 カルト教信者 死 時に爆発 Perceptionが大幅に増加する
R_Fallout76_2025_11_13_07_40_59_273.png,= 情報 推奨レベル リセットまでの時間 ロケーション OEE 敵変異 トキシックプラッド 鋭い視線(デフォルト) レベル50以上 19H WA-X スーパーミュータント 亡時にポイズンハザードを展開する Perceptionが大幅に増加する
R_Fallout76_2025_11_14_06_31_27_722.png,情報 推奨レベル リセットまでの時間 ロケーション aOR ER アンステイブル(ダブル) サザヴェージ・ストライク(デフォルト) レベル50以上 20H ワトガ-レイダーアリーナ カルト教信者 ran 素早く、死亡時に爆発 致命的なアーマー貫通攻撃
R_Fallout76_2025_11_15_10_56_55_348.png,情報 推奨レベル リセットまでの時間 ロケーション 敵派閥 BER スウィフト・ストーカー(ダブル) 鋭い視線(デフォルト) レベル50以上 16H Vault 96 ロボット クローク能力があり、素早い Perceptionが大幅に増加する
R_Fallout76_2025_11_16_07_35_29_468.png,情報 推奨レベル リセットまでの時間 =レルニンレス 敵派閥 敵変異 アンステイブル(ダブル) サヴェージ・ストライク(デフォルト) レベル50以上 19H モーガンタウン・ハイスクール プラッドイーグル 素早く、死亡時に爆発 致命的なアーマー貫通攻撃
R_Fallout76_2025_11_17_07_51_31_275.png,情報 推奨レベル レベル50以上 リセットまでの時間 19H ロケーション 燃え盛る鉱山 敵派閥 スーパーミュータント 敵変異 スティングフロスト(ダブル) ※結攻撃し、倒されると毒性ハザードを残す 鋭い視線(デフォルト) Perceptionが大幅に増加する
R_Fallout76_2025_11_18_07_36_14_761.png,情報 推奨レベル リセットまでの時間 ロケーション | 敵変異 アクティブ迷彩 サヴェージ・ストライク(デフォルト) レベル50以上 19H バレー・ガレリア プラッドイーグル 攻撃していない間は身を隠す 致命的なアーマー貫通攻撃
R_Fallout76_2025_11_19_06_47_38_752.png,情報 推奨レベル リセットまでの時間 ロケーション 敵派閥 BER 氷の手 鋭い視線(デフォルト) レベル50以上 20H コミュニティセンター 伸びすぎ 攻撃時に標的を遅くする Perceptionが大幅に増加する
R_Fallout76_2025_11_20_07_25_14_248.png,情報 推奨レベル レベル50以上 リセットまでの時間 19H ロケーション ニン 敵派閥 カルト教信者 敵変異 デンジャークラウド 付近のプレイヤーのHPとAPを減少させる サヴェージ・ストライク(デフォルト) 致命的なアーマー貫通攻撃
R_Fallout76_2025_11_22_07_37_53_932.png,情報 推奨レベル レベル50以上 リセットまでの時間 19H ロケーション チャールストン議事党 | プラッドイーグル 敵変異 スウィフトフット 移動速度、リロード、近接攻撃のスピードが上昇する サヴェージ・ストライク(デフォルト) 致命的なアーマー貫通攻撃
R_Fallout76_2025_11_23_08_00_58_936.png,情報 推奨レベル リセットまでの時間 ロケーション 敵派閥 BER アクティブ迷彩 鋭い視線(デフォルト) レベル50以上 19H ニン スーパーミュータント 攻撃していない間は身を隠す Perceptionが大幅に増加する
R_Fallout76_2025_11_24_06_56_46_146.png,情報 推奨レベル レベル50以上 リセットまでの時間 20H ロケーション Vault 94 敵派閥 ロボット 敵変異 スウィフトフット 移動速度、リロード、近接攻撃のスピードが上昇する サヴェージ・ストライク(デフォルト) 致命的なアーマー貫通攻撃
R_Fallout76_2025_11_25_06_03_48_797.png,情報 推奨レベル リセットまでの時間 ロケーション 敵派閥 BER 氷の手 鋭い視線(デフォルト) レベル50以上 。 20H Vault 94 スーパーミュータント 攻撃時に標的を遅くする Perceptionが大幅に増加する
R_Fallout76_2025_11_26_07_34_04_436.png,情報 推奨レベル レベル50以上 リセットまでの時間 19H ロケーション ウエストテック研究センター 敵派閥 プラッドイーグル 敵変異 スウィフトフット 移動速度、リロード、近接攻撃のスピードが上昇する サヴェージ・ストライク(デフォルト) 致命的なアーマー貫通攻撃
R_Fallout76_2025_11_27_07_31_03_544.png,情報 推奨レベル レベル50以上 リセットまでの時間 19H ロケーション チャールストン議事党 敵派閥 スーパーミュータント 敵変異 リフレクトスキン 定期的に直接的なダメージを相手に反射する 鋭い視線(デフォルト) Perceptionが大幅に増加する
R_Fallout76_2025_11_28_06_34_22_595.png,情報 推奨レベル レベル50以上 リセットまでの時間 20H ロケーション ワトガ・ハイスクール 敵派閥 スーパーミュータント 敵変異 スティングフロスト(ダブル) 氷結攻撃し、倒されると毒性ハザードを残す サヴェージ・ストライク(デフォルト) 致命的なアーマー貫通攻撃
R_Fallout76_2026_02_07_07_27_27_753.png,情報 HEREVAIL リセットまでの時間 ョレルョンーレス 敵派閥 敵変異 スウィフト・ストーカー(ダブル) 鋭い視線(デフォルト) レベル50以上 19H DIANE プラッドイーグル クローク能力があり、 素早い Perceptionが大幅に増加する
R_obs64_2025_06_21_08_24_46_291.png,情報 推奨レベル リセットまでの時間 ロケーション 敵派閥 BER スウィフト・ストーカー(ダブル) サヴェージ・ストライク(デフォルト) レベル50以上 17H アンキャニー洞窟 ロボット クローク能力があり、素早い 致命的なアーマー貫通攻撃
R_Screenshot 2025-04-04 07-50-29.png,情報 推奨レベル リセットまでの時間 ロケーション 敵派閥 MER プリスタリングコールド(ダブル) 鋭い視線(デフォルト) レベル50以上 17H ワトガ・ハイスクール ロボット 素早く、 氷結攻撃を繰り出す Perceptionが大幅に増加する
R_Screenshot 2025-04-05 07-59-43.png,{BRR 推奨レベル レベル50以上 リセットまでの時間 17H ロケーション Vault 96 敵派閥 モールマイナー でik MER 鋭い視線(デフォルト) Perceptionが大幅に増加する
R_Screenshot 2025-06-10 07-44-45.png,情報 推奨レベル リセットまでの時間 ロケーション 敵派閥 MER 氷の手 鋭い視線(デフォルト) レベル50以上 18H グラスド洞窟 スーパーミュータント 攻撃時に標的を遅くする Perceptionが大幅に増加する
R_Screenshot 2025-06-15 11-55-36.png,Ei 推奨レベル レベル50以上 リセットまでの時間 14H ロケーション モーガンタウン・ハイスクール 敵派閥 モールマイナー 敵変異 スティングフロスト(ダブル) ※結攻撃し、倒されると毒性ハザードを残す サヴェージ・ストライク(デフォルト) 致命的なアーマー貫通攻撃
R_Screenshot 2025-07-23 09-08-50.png,情報 推奨レベル リセットまでの時間 ロケーション HORE BER FRE サヴェージ・ストライク(デフォルト) レベル50以上 16H アンキャニー洞窟 カルト教信者 死亡時に爆発 致命的なアーマー貫通攻撃
R_Screenshot 2025-07-23 09-10-32.png,情報 推奨レベル リセットまでの時間 ロケーション HORE BER FRE サヴェージ・ストライク(デフォルト) レベル50以上 16H アンキャニー洞窟 カルト教信者 死亡時に爆発 致命的なアーマー貫通攻撃
R_X-Game動画及びキャプチャ 2023_07_23 7_51_02.png,情報 推奨レベル リセットまでの時間 |ョレレョンーレス 敵派閥 敵変異 弾力性 鋭い視線(デフォルト) レベル50以上 19H モーガンタウン・ハイスクール スコーチ 近接攻撃でのみ倒せる Perceptionが大幅に増加する
R_＃Fallout76　#今日のデイリー - Google ドキュメント - Google Chrome 2023_08_28 7_47_58.png,情報 推奨レベル レベル50以上 リセットまでの時間 19H ロケーション ワトガ・レイダーアリーナ 敵派閥 カルト教信者 敵変異 蒸気性(ダブル) クローク能力があり、死亡時に爆発 鋭い視線(デフォルト) Perceptionが大幅に増加する
